payment_id,order_id,amount,payment_date,payment_status
1,1,1811.58,,Unpaid
2,2,1176.48,,Unpaid
3,3,58.67,2023-11-26,Paid
4,4,1159.87,2023-12-13,Paid
5,5,31.67,2023-10-01,Paid
6,6,611.25,2023-08-30,Paid
7,7,1709.83,2023-09-08,Paid
8,8,1085.68,2023-09-16,Paid
9,9,1101.34,2023-12-06,Paid
10,10,1797.67,2023-11-02,Paid
11,11,454.45,2023-10-03,Paid
12,12,981.57,2023-09-20,Paid
13,13,685.54,2023-09-08,Paid
14,14,1600.32,2023-11-21,Paid
15,15,346.79,2023-12-03,Paid
16,16,1840.69,2023-09-28,Paid
17,17,1077.56,2023-11-07,Paid
18,18,1191.95,2023-09-09,Paid
19,19,73.66,2023-11-17,Paid
20,20,868.65,2023-11-12,Paid
21,21,379.82,2023-09-27,Paid
22,22,770.63,2023-08-06,Paid
23,23,920.3,2023-07-25,Paid
24,24,688.25,,Unpaid
25,25,1761.69,,Unpaid
26,26,1508.98,2023-08-11,Paid
27,27,519.5,2023-09-16,Paid
28,28,951.21,2023-06-21,Paid
29,29,1088.05,2023-12-09,Paid
30,30,1999.82,,Unpaid
31,31,463.96,2023-08-29,Paid
32,32,1566.84,2023-06-18,Paid
33,33,99.71,2023-11-14,Paid
34,34,1900.23,2023-06-08,Paid
35,35,1681.67,2023-07-22,Paid
36,36,321.72,2023-11-07,Paid
37,37,957.65,2023-07-03,Paid
38,38,246.49,,Unpaid
39,39,1896.56,,Unpaid
40,40,1404.94,2023-09-28,Paid
41,41,750.41,2023-12-14,Paid
42,42,1222.35,2023-11-03,Paid
43,43,1442.35,2023-12-09,Paid
44,44,1642.22,2023-12-17,Paid
45,45,234.04,2023-08-19,Paid
46,46,1859.2,2023-06-07,Paid
47,47,1361.15,2023-10-26,Paid
48,48,805.38,2023-09-05,Paid
49,49,412.69,2023-12-01,Paid
50,50,1192.35,,Unpaid
